"TermID";"Name";"Value";"LogSize";"Frequency";"Uniqueness";"Dispensability";"PC_0";"PC_1";"PC3_0";"PC3_1";"PC3_2";"Representative";"Eliminated"
"GO:0002225";"positive regulation of antimicrobial peptide production";-3,57348873863542;2,75358305889291;0,00234490348484973;0,186573156967144;0;"5.48624844112966";"0.0624669883639148";"-5.40990504545105";"0.652998136928185";"-1.73281664933177";"null";"False"
"GO:0002759";"regulation of antimicrobial humoral response";-3,05700040663396;2,93094903116752;0,0035297840443321;0,296563667327533;0,83346441;"null";"null";"null";"null";"null";"2225";"True"
"GO:0002784";"regulation of antimicrobial peptide production";-3,57348873863542;2,84073323461181;0,00286691380126504;0,239417834399619;0,97075256;"null";"null";"null";"null";"null";"2225";"True"
"GO:0002760";"positive regulation of antimicrobial humoral response";-3,57348873863542;2,79448804665917;0,0025769080699232;0,213745520321246;0,97510843;"null";"null";"null";"null";"null";"2225";"True"
"GO:0050951";"sensory perception of temperature stimulus";-3,05700040663396;3,07627625540422;0,00493424037183043;1;0;"-3.90962466368219";"-4.02652352691627";"3.95236413870019";"4.04868330856225";"-0.826822149291873";"null";"False"
"GO:0097400";"interleukin-17-mediated signaling pathway";-3,27572413039921;2,60959440922522;0,00168203324178267;0,825416436421342;0,11018736;"-1.32328948964835";"5.58824220292791";"1.14586941000029";"-5.54927352809287";"-0.776754560567355";"null";"False"
"GO:2000340";"positive regulation of chemokine (C-X-C motif) ligand 1 production";-3,05700040663396;2,2405492482826;0,000716728450316259;0,628529457280085;0,52807333;"5.54587843588011";"-1.53847729360322";"-5.59051884266008";"1.19849712726981";"0.07150290086022";"null";"False"
